time,temperature,pressure,altitude
2.54,21.22,1009.66,0.2
2.76,21.23,1009.67,0.04
3.2,21.24,1009.68,0.01
4.08,21.25,1009.68,-0.01
0.34,21.14,1009.66,-0.01
2.98,21.24,1009.7,-0.04
1.66,21.21,1009.66,-0.06
2.32,21.23,1009.69,-0.06
3.86,21.25,1009.68,-0.1
3.42,21.24,1009.68,-0.11
